lotid,parcelvalue
11614222,543018.5305998789
11555888,543018.5305998789
13052987,543018.5305998789
12448473,543018.5305998789
12559155,543018.5305998789
10725371,543018.5305998789
10803706,543018.5305998789
12014726,543018.5305998789
11096205,543018.5305998789
11619184,543018.5305998789
12095203,543018.5305998789
10814735,543018.5305998789
10846119,543018.5305998789
10792339,543018.5305998789
11342880,543018.5305998789
11164820,543018.5305998789
11179859,543018.5305998789
10869776,543018.5305998789
11662161,543018.5305998789
10964688,543018.5305998789
11989457,543018.5305998789
10813862,543018.5305998789
10852312,543018.5305998789
10807894,543018.5305998789
10910934,543018.5305998789
11667598,543018.5305998789
10721874,543018.5305998789
10796569,543018.5305998789
11168377,543018.5305998789
11093237,543018.5305998789
10805003,543018.5305998789
10716693,543018.5305998789
10718567,543018.5305998789
11089415,543018.5305998789
11012619,543018.5305998789
12071829,543018.5305998789
10724824,543018.5305998789
12122623,543018.5305998789
10963116,543018.5305998789
11077670,543018.5305998789
12103331,543018.5305998789
10788715,543018.5305998789
11516907,543018.5305998789
10804010,543018.5305998789
11095106,543018.5305998789
10855852,543018.5305998789
12015927,543018.5305998789
10843039,543018.5305998789
11525034,543018.5305998789
10728342,543018.5305998789
11609689,543018.5305998789
11088869,543018.5305998789
10765811,543018.5305998789
11687535,543018.5305998789
11691487,543018.5305998789
10897043,543018.5305998789
10836781,543018.5305998789
11078803,543018.5305998789
12103791,543018.5305998789
11040560,543018.5305998789
10969602,543018.5305998789
11989081,543018.5305998789
11166769,543018.5305998789
10763210,543018.5305998789
10806659,543018.5305998789
10812133,543018.5305998789
10833846,543018.5305998789
12624177,543018.5305998789
10735903,543018.5305998789
10850432,543018.5305998789
12171628,543018.5305998789
12076783,543018.5305998789
11781377,543018.5305998789
12457226,543018.5305998789
10816474,543018.5305998789
12052604,543018.5305998789
10735075,543018.5305998789
11965726,543018.5305998789
11147659,543018.5305998789
11595745,543018.5305998789
11816452,543018.5305998789
11104358,543018.5305998789
11171749,543018.5305998789
10813208,543018.5305998789
11088903,543018.5305998789
11668734,543018.5305998789
12614441,543018.5305998789
11871851,543018.5305998789
10817435,543018.5305998789
10823231,543018.5305998789
12514802,543018.5305998789
10767383,543018.5305998789
10735460,543018.5305998789
11142020,543018.5305998789
12021911,543018.5305998789
12491431,543018.5305998789
11037540,543018.5305998789
11619968,543018.5305998789
11565978,543018.5305998789
10989127,543018.5305998789
11129281,543018.5305998789
11819541,543018.5305998789
10811983,543018.5305998789
10799459,543018.5305998789
10726520,543018.5305998789
11119332,543018.5305998789
10731178,543018.5305998789
11462237,543018.5305998789
11719147,543018.5305998789
12043851,543018.5305998789
10867704,543018.5305998789
10997974,543018.5305998789
11987383,543018.5305998789
12100321,543018.5305998789
11343917,543018.5305998789
11172897,543018.5305998789
12565954,543018.5305998789
10833240,543018.5305998789
12013967,543018.5305998789
10712998,543018.5305998789
10799613,543018.5305998789
11098226,543018.5305998789
10867262,543018.5305998789
11105313,543018.5305998789
11009586,543018.5305998789
10901832,543018.5305998789
12464067,543018.5305998789
10911656,543018.5305998789
11062196,543018.5305998789
11076224,543018.5305998789
12901896,543018.5305998789
10787168,543018.5305998789
11655297,543018.5305998789
11764419,543018.5305998789
11950530,543018.5305998789
10764203,543018.5305998789
11940976,543018.5305998789
12014878,543018.5305998789
11997230,543018.5305998789
12983425,543018.5305998789
12035802,543018.5305998789
11121009,543018.5305998789
10799945,543018.5305998789
12529997,543018.5305998789
11160875,543018.5305998789
10759918,543018.5305998789
10762889,543018.5305998789
11080429,543018.5305998789
10848954,543018.5305998789
11085861,543018.5305998789
11969635,543018.5305998789
10738249,543018.5305998789
10793993,543018.5305998789
10916984,543018.5305998789
11167527,543018.5305998789
12087336,543018.5305998789
10761777,543018.5305998789
11015923,543018.5305998789
11344703,543018.5305998789
10839216,543018.5305998789
10776387,543018.5305998789
12051950,543018.5305998789
10794766,543018.5305998789
10724193,543018.5305998789
12465876,543018.5305998789
11163104,543018.5305998789
11093473,543018.5305998789
12511812,543018.5305998789
10816195,543018.5305998789
12515041,543018.5305998789
11051658,543018.5305998789
11465083,543018.5305998789
10744909,543018.5305998789
11720617,543018.5305998789
11082053,543018.5305998789
10838391,543018.5305998789
10818293,543018.5305998789
11396460,543018.5305998789
12468282,543018.5305998789
12075906,543018.5305998789
10729722,543018.5305998789
10886908,543018.5305998789
11602423,543018.5305998789
11160647,543018.5305998789
11656409,543018.5305998789
10916127,543018.5305998789
11099515,543018.5305998789
10722924,543018.5305998789
12023622,543018.5305998789
10886282,543018.5305998789
10852111,543018.5305998789
10727879,543018.5305998789
12525613,543018.5305998789
11085313,543018.5305998789
11078063,543018.5305998789
10885492,543018.5305998789
11097492,543018.5305998789
12007037,543018.5305998789
11029321,543018.5305998789
11166536,543018.5305998789
10727859,543018.5305998789
10785482,543018.5305998789
12107528,543018.5305998789
11712923,543018.5305998789
12039969,543018.5305998789
11655832,543018.5305998789
11016943,543018.5305998789
11085856,543018.5305998789
10859731,543018.5305998789
12533110,543018.5305998789
12164722,543018.5305998789
11078304,543018.5305998789
12522520,543018.5305998789
12037447,543018.5305998789
10903475,543018.5305998789
12042978,543018.5305998789
11066302,543018.5305998789
10811122,543018.5305998789
11028976,543018.5305998789
11039448,543018.5305998789
12603438,543018.5305998789
12019301,543018.5305998789
10920556,543018.5305998789
11554605,543018.5305998789
11150536,543018.5305998789
10714535,543018.5305998789
11071215,543018.5305998789
11074852,543018.5305998789
10775984,543018.5305998789
12864622,543018.5305998789
10718396,543018.5305998789
10916567,543018.5305998789
10851357,543018.5305998789
12074248,543018.5305998789
10805954,543018.5305998789
12625652,543018.5305998789
11545109,543018.5305998789
10786145,543018.5305998789
11010537,543018.5305998789
12094956,543018.5305998789
10866986,543018.5305998789
11009545,543018.5305998789
11526586,543018.5305998789
11120615,543018.5305998789
13051216,543018.5305998789
11166690,543018.5305998789
10769791,543018.5305998789
10723573,543018.5305998789
10894408,543018.5305998789
10758889,543018.5305998789
11107570,543018.5305998789
10967561,543018.5305998789
11099700,543018.5305998789
11458083,543018.5305998789
11153862,543018.5305998789
10861717,543018.5305998789
11644172,543018.5305998789
12057203,543018.5305998789
12000285,543018.5305998789
11144099,543018.5305998789
12623729,543018.5305998789
11047926,543018.5305998789
10722184,543018.5305998789
10774160,543018.5305998789
12029368,543018.5305998789
11888612,543018.5305998789
11569153,543018.5305998789
10736059,543018.5305998789
11948562,543018.5305998789
10736583,543018.5305998789
10904465,543018.5305998789
11164306,543018.5305998789
10997459,543018.5305998789
11109342,543018.5305998789
12679301,543018.5305998789
10895660,543018.5305998789
11098817,543018.5305998789
10733681,543018.5305998789
11447567,543018.5305998789
12095482,543018.5305998789
11155490,543018.5305998789
11155557,543018.5305998789
12525771,543018.5305998789
11524569,543018.5305998789
11036870,543018.5305998789
10882339,543018.5305998789
10851824,543018.5305998789
10859048,543018.5305998789
12996233,543018.5305998789
11009245,543018.5305998789
12057845,543018.5305998789
10792911,543018.5305998789
10801835,543018.5305998789
11152462,543018.5305998789
11095059,543018.5305998789
11139542,543018.5305998789
10991371,543018.5305998789
10805770,543018.5305998789
10857570,543018.5305998789
11539005,543018.5305998789
12614208,543018.5305998789
11119718,543018.5305998789
11691746,543018.5305998789
11569251,543018.5305998789
11633846,543018.5305998789
10972468,543018.5305998789
10766366,543018.5305998789
12076303,543018.5305998789
12077151,543018.5305998789
11602840,543018.5305998789
10990226,543018.5305998789
12515719,543018.5305998789
11128785,543018.5305998789
10880127,543018.5305998789
12490286,543018.5305998789
11741136,543018.5305998789
11788715,543018.5305998789
11939780,543018.5305998789
12456803,543018.5305998789
10902508,543018.5305998789
11669571,543018.5305998789
10778471,543018.5305998789
12994991,543018.5305998789
10931233,543018.5305998789
11099122,543018.5305998789
11565276,543018.5305998789
12058810,543018.5305998789
11871869,543018.5305998789
11046165,543018.5305998789
10712555,543018.5305998789
10797612,543018.5305998789
10716316,543018.5305998789
10888873,543018.5305998789
12020896,543018.5305998789
11122082,543018.5305998789
12015054,543018.5305998789
11173673,543018.5305998789
11089459,543018.5305998789
10796604,543018.5305998789
12623739,543018.5305998789
11878614,543018.5305998789
12510543,543018.5305998789
10731152,543018.5305998789
11566314,543018.5305998789
10989137,543018.5305998789
10723475,543018.5305998789
11643446,543018.5305998789
12091414,543018.5305998789
11647107,543018.5305998789
10729930,543018.5305998789
11155757,543018.5305998789
12511946,543018.5305998789
12115295,543018.5305998789
12121343,543018.5305998789
11945598,543018.5305998789
11061672,543018.5305998789
10854943,543018.5305998789
11651528,543018.5305998789
10901642,543018.5305998789
10729356,543018.5305998789
11093456,543018.5305998789
10736842,543018.5305998789
11009725,543018.5305998789
10866820,543018.5305998789
10877524,543018.5305998789
10791398,543018.5305998789
11164100,543018.5305998789
11149929,543018.5305998789
13054708,543018.5305998789
11889169,543018.5305998789
10757119,543018.5305998789
11994264,543018.5305998789
12599554,543018.5305998789
11556555,543018.5305998789
10877137,543018.5305998789
12029734,543018.5305998789
11757283,543018.5305998789
11607787,543018.5305998789
12680426,543018.5305998789
11108929,543018.5305998789
11570030,543018.5305998789
10782489,543018.5305998789
11053048,543018.5305998789
11159964,543018.5305998789
10906375,543018.5305998789
11467733,543018.5305998789
10803447,543018.5305998789
11654368,543018.5305998789
11152384,543018.5305998789
11872365,543018.5305998789
10735557,543018.5305998789
11165867,543018.5305998789
12034976,543018.5305998789
10799785,543018.5305998789
10853543,543018.5305998789
11554043,543018.5305998789
11563899,543018.5305998789
10800112,543018.5305998789
11671920,543018.5305998789
11078856,543018.5305998789
12058221,543018.5305998789
11734658,543018.5305998789
10722124,543018.5305998789
10882208,543018.5305998789
10813426,543018.5305998789
11005986,543018.5305998789
11039059,543018.5305998789
13916144,543018.5305998789
12126316,543018.5305998789
12119757,543018.5305998789
11619987,543018.5305998789
10759917,543018.5305998789
12592830,543018.5305998789
11658695,543018.5305998789
10762749,543018.5305998789
12547115,543018.5305998789
11049992,543018.5305998789
11686001,543018.5305998789
11619774,543018.5305998789
10726118,543018.5305998789
11601320,543018.5305998789
11977063,543018.5305998789
10854703,543018.5305998789
11756466,543018.5305998789
12108612,543018.5305998789
10910430,543018.5305998789
10911457,543018.5305998789
10778534,543018.5305998789
10788585,543018.5305998789
12096415,543018.5305998789
10736015,543018.5305998789
11138998,543018.5305998789
10719831,543018.5305998789
12060266,543018.5305998789
11052005,543018.5305998789
10813488,543018.5305998789
12102855,543018.5305998789
11480373,543018.5305998789
10870004,543018.5305998789
10868371,543018.5305998789
12994329,543018.5305998789
10792936,543018.5305998789
10932019,543018.5305998789
11057562,543018.5305998789
11165262,543018.5305998789
10726847,543018.5305998789
11082460,543018.5305998789
12095144,543018.5305998789
11643915,543018.5305998789
11053309,543018.5305998789
10905413,543018.5305998789
10922093,543018.5305998789
10813483,543018.5305998789
10723366,543018.5305998789
10811997,543018.5305998789
12072560,543018.5305998789
11068267,543018.5305998789
11888746,543018.5305998789
12540221,543018.5305998789
11527597,543018.5305998789
10776769,543018.5305998789
10774251,543018.5305998789
10877038,543018.5305998789
11646239,543018.5305998789
11659912,543018.5305998789
11166303,543018.5305998789
11661383,543018.5305998789
11727910,543018.5305998789
12058483,543018.5305998789
12496672,543018.5305998789
12607179,543018.5305998789
10773349,543018.5305998789
10845638,543018.5305998789
11027993,543018.5305998789
11169110,543018.5305998789
11595920,543018.5305998789
11061251,543018.5305998789
12232498,543018.5305998789
10774188,543018.5305998789
11112327,543018.5305998789
12012501,543018.5305998789
11558485,543018.5305998789
11146985,543018.5305998789
12048924,543018.5305998789
10757445,543018.5305998789
11046620,543018.5305998789
11016330,543018.5305998789
11079290,543018.5305998789
12073166,543018.5305998789
11655472,543018.5305998789
10987485,543018.5305998789
12088111,543018.5305998789
11079867,543018.5305998789
10787847,543018.5305998789
11148274,543018.5305998789
11101776,543018.5305998789
10716523,543018.5305998789
11618043,543018.5305998789
10803443,543018.5305998789
11118934,543018.5305998789
12126386,543018.5305998789
11118308,543018.5305998789
11720030,543018.5305998789
11019940,543018.5305998789
12014843,543018.5305998789
10719534,543018.5305998789
10827748,543018.5305998789
12607736,543018.5305998789
12493921,543018.5305998789
11615979,543018.5305998789
11663679,543018.5305998789
11150398,543018.5305998789
11644084,543018.5305998789
10809730,543018.5305998789
10790927,543018.5305998789
12032973,543018.5305998789
11456445,543018.5305998789
10969324,543018.5305998789
10718642,543018.5305998789
12548196,543018.5305998789
10772569,543018.5305998789
12058199,543018.5305998789
11653319,543018.5305998789
13050111,543018.5305998789
10965062,543018.5305998789
10917311,543018.5305998789
10782074,543018.5305998789
10783528,543018.5305998789
12112290,543018.5305998789
14248238,543018.5305998789
11162259,543018.5305998789
11054439,543018.5305998789
11164359,543018.5305998789
11523236,543018.5305998789
11936022,543018.5305998789
11631226,543018.5305998789
13052758,543018.5305998789
11081303,543018.5305998789
11790776,543018.5305998789
11474147,543018.5305998789
10825858,543018.5305998789
11983172,543018.5305998789
10818998,543018.5305998789
11147962,543018.5305998789
10876330,543018.5305998789
11664068,543018.5305998789
12036233,543018.5305998789
10859096,543018.5305998789
10757494,543018.5305998789
11060405,543018.5305998789
11063433,543018.5305998789
11064099,543018.5305998789
12051845,543018.5305998789
11650419,543018.5305998789
11007847,543018.5305998789
11628538,543018.5305998789
12072458,543018.5305998789
10849995,543018.5305998789
11654295,543018.5305998789
10796543,543018.5305998789
12068061,543018.5305998789
10764496,543018.5305998789
12630750,543018.5305998789
13053872,543018.5305998789
10724429,543018.5305998789
12072557,543018.5305998789
10814979,543018.5305998789
11344767,543018.5305998789
11086545,543018.5305998789
11613589,543018.5305998789
12494940,543018.5305998789
10784744,543018.5305998789
10716421,543018.5305998789
10987702,543018.5305998789
11887436,543018.5305998789
10867230,543018.5305998789
11118730,543018.5305998789
11150119,543018.5305998789
12533935,543018.5305998789
10734903,543018.5305998789
11090565,543018.5305998789
11024902,543018.5305998789
11075582,543018.5305998789
11168724,543018.5305998789
11051150,543018.5305998789
12067280,543018.5305998789
11602972,543018.5305998789
12489702,543018.5305998789
11036839,543018.5305998789
11130706,543018.5305998789
12028176,543018.5305998789
10908156,543018.5305998789
11073370,543018.5305998789
12438019,543018.5305998789
11092925,543018.5305998789
12047349,543018.5305998789
10798884,543018.5305998789
12435224,543018.5305998789
11106136,543018.5305998789
10724469,543018.5305998789
10852780,543018.5305998789
12118824,543018.5305998789
11057905,543018.5305998789
11060467,543018.5305998789
12058200,543018.5305998789
12084692,543018.5305998789
12900031,543018.5305998789
11039004,543018.5305998789
12495488,543018.5305998789
11112095,543018.5305998789
11341792,543018.5305998789
12029450,543018.5305998789
10852721,543018.5305998789
10911485,543018.5305998789
11168219,543018.5305998789
11094718,543018.5305998789
11083779,543018.5305998789
11667774,543018.5305998789
11740725,543018.5305998789
11144218,543018.5305998789
12093763,543018.5305998789
11559043,543018.5305998789
12067521,543018.5305998789
11671521,543018.5305998789
11161614,543018.5305998789
10938590,543018.5305998789
11871750,543018.5305998789
11715404,543018.5305998789
11701155,543018.5305998789
12982939,543018.5305998789
11168085,543018.5305998789
11087486,543018.5305998789
12164046,543018.5305998789
12900142,543018.5305998789
12025007,543018.5305998789
11119563,543018.5305998789
11016045,543018.5305998789
10786358,543018.5305998789
11082462,543018.5305998789
11570867,543018.5305998789
11047337,543018.5305998789
11072487,543018.5305998789
12125981,543018.5305998789
10754974,543018.5305998789
12110075,543018.5305998789
12984138,543018.5305998789
11452930,543018.5305998789
10817802,543018.5305998789
11666911,543018.5305998789
12900137,543018.5305998789
12171200,543018.5305998789
12160129,543018.5305998789
10889255,543018.5305998789
11093832,543018.5305998789
10926680,543018.5305998789
12247612,543018.5305998789
12066042,543018.5305998789
10830036,543018.5305998789
11170888,543018.5305998789
11725546,543018.5305998789
10804939,543018.5305998789
11566428,543018.5305998789
10758408,543018.5305998789
10924068,543018.5305998789
10866048,543018.5305998789
10768236,543018.5305998789
12047227,543018.5305998789
11464986,543018.5305998789
11603650,543018.5305998789
11012945,543018.5305998789
10832728,543018.5305998789
12533065,543018.5305998789
10972909,543018.5305998789
11046221,543018.5305998789
12631136,543018.5305998789
10729261,543018.5305998789
11345228,543018.5305998789
11450146,543018.5305998789
11668408,543018.5305998789
12086521,543018.5305998789
11159866,543018.5305998789
11542171,543018.5305998789
11623942,543018.5305998789
12511801,543018.5305998789
11655776,543018.5305998789
10779517,543018.5305998789
11804345,543018.5305998789
11150429,543018.5305998789
11537141,543018.5305998789
11179816,543018.5305998789
10857523,543018.5305998789
10815217,543018.5305998789
12557312,543018.5305998789
12058377,543018.5305998789
10783824,543018.5305998789
11106511,543018.5305998789
11009502,543018.5305998789
10801670,543018.5305998789
10838809,543018.5305998789
11871167,543018.5305998789
11181430,543018.5305998789
10795906,543018.5305998789
10793763,543018.5305998789
11080762,543018.5305998789
11644856,543018.5305998789
10989499,543018.5305998789
12090590,543018.5305998789
12048663,543018.5305998789
10799566,543018.5305998789
10786484,543018.5305998789
11640989,543018.5305998789
10916449,543018.5305998789
11886072,543018.5305998789
11036567,543018.5305998789
12625561,543018.5305998789
11059182,543018.5305998789
12038423,543018.5305998789
10814695,543018.5305998789
10895316,543018.5305998789
11154970,543018.5305998789
12517781,543018.5305998789
12047666,543018.5305998789
10912314,543018.5305998789
11095882,543018.5305998789
11993830,543018.5305998789
10766369,543018.5305998789
10803779,543018.5305998789
11755401,543018.5305998789
11065942,543018.5305998789
10800166,543018.5305998789
11046420,543018.5305998789
14217455,543018.5305998789
11606243,543018.5305998789
10990267,543018.5305998789
10987181,543018.5305998789
11995906,543018.5305998789
11085052,543018.5305998789
11619615,543018.5305998789
10781198,543018.5305998789
10759254,543018.5305998789
11480556,543018.5305998789
11153429,543018.5305998789
11114398,543018.5305998789
10963114,543018.5305998789
11458927,543018.5305998789
11757507,543018.5305998789
12055187,543018.5305998789
11654764,543018.5305998789
11983616,543018.5305998789
10870478,543018.5305998789
10715538,543018.5305998789
11457094,543018.5305998789
10744471,543018.5305998789
11015580,543018.5305998789
10798978,543018.5305998789
11025659,543018.5305998789
11129131,543018.5305998789
11888693,543018.5305998789
10982497,543018.5305998789
11342593,543018.5305998789
11691683,543018.5305998789
11149702,543018.5305998789
11050399,543018.5305998789
10887137,543018.5305998789
11653701,543018.5305998789
11686592,543018.5305998789
10870621,543018.5305998789
12057774,543018.5305998789
10827050,543018.5305998789
11081191,543018.5305998789
10764531,543018.5305998789
10722333,543018.5305998789
11068608,543018.5305998789
10895190,543018.5305998789
12058030,543018.5305998789
12558247,543018.5305998789
10756778,543018.5305998789
11042711,543018.5305998789
12045528,543018.5305998789
12558599,543018.5305998789
10759189,543018.5305998789
11114903,543018.5305998789
10802226,543018.5305998789
11658935,543018.5305998789
10807917,543018.5305998789
11006519,543018.5305998789
10714254,543018.5305998789
10870512,543018.5305998789
11947450,543018.5305998789
12083543,543018.5305998789
11079813,543018.5305998789
11094760,543018.5305998789
12097530,543018.5305998789
12525773,543018.5305998789
10738353,543018.5305998789
12208181,543018.5305998789
11179886,543018.5305998789
12228473,543018.5305998789
11138881,543018.5305998789
11871564,543018.5305998789
11047935,543018.5305998789
10717834,543018.5305998789
11027456,543018.5305998789
10806883,543018.5305998789
11073270,543018.5305998789
10832817,543018.5305998789
11580587,543018.5305998789
11535840,543018.5305998789
11069058,543018.5305998789
10857775,543018.5305998789
11085115,543018.5305998789
11043329,543018.5305998789
12671951,543018.5305998789
10877719,543018.5305998789
11066050,543018.5305998789
11988981,543018.5305998789
10908303,543018.5305998789
10826318,543018.5305998789
10858942,543018.5305998789
12669284,543018.5305998789
11616508,543018.5305998789
10866973,543018.5305998789
10883374,543018.5305998789
10738153,543018.5305998789
10897774,543018.5305998789
12254236,543018.5305998789
11112404,543018.5305998789
12037713,543018.5305998789
11648986,543018.5305998789
12898488,543018.5305998789
11556499,543018.5305998789
12516494,543018.5305998789
12669644,543018.5305998789
14311579,543018.5305998789
11012929,543018.5305998789
10831301,543018.5305998789
10797328,543018.5305998789
11788747,543018.5305998789
11055358,543018.5305998789
10875362,543018.5305998789
10807891,543018.5305998789
11009221,543018.5305998789
12222698,543018.5305998789
11713385,543018.5305998789
11019340,543018.5305998789
11660646,543018.5305998789
11961299,543018.5305998789
11064851,543018.5305998789
11008678,543018.5305998789
12500000,543018.5305998789
11525829,543018.5305998789
10984574,543018.5305998789
10797208,543018.5305998789
10935424,543018.5305998789
10757053,543018.5305998789
11149401,543018.5305998789
12526016,543018.5305998789
11542328,543018.5305998789
10855372,543018.5305998789
10792655,543018.5305998789
11062852,543018.5305998789
10783764,543018.5305998789
11540813,543018.5305998789
11105067,543018.5305998789
11180757,543018.5305998789
10859635,543018.5305998789
11028952,543018.5305998789
10712139,543018.5305998789
10782071,543018.5305998789
10836088,543018.5305998789
12569793,543018.5305998789
10798732,543018.5305998789
10851539,543018.5305998789
12096583,543018.5305998789
10831691,543018.5305998789
10881774,543018.5305998789
10771536,543018.5305998789
10745389,543018.5305998789
10717285,543018.5305998789
10916375,543018.5305998789
11523988,543018.5305998789
11163412,543018.5305998789
11667623,543018.5305998789
10967846,543018.5305998789
11066477,543018.5305998789
11419679,543018.5305998789
10814582,543018.5305998789
12520223,543018.5305998789
11644572,543018.5305998789
10929234,543018.5305998789
11023231,543018.5305998789
10869805,543018.5305998789
10871741,543018.5305998789
11168815,543018.5305998789
10983626,543018.5305998789
11337181,543018.5305998789
11568471,543018.5305998789
11921558,543018.5305998789
11139002,543018.5305998789
11113757,543018.5305998789
11066712,543018.5305998789
11080947,543018.5305998789
11879133,543018.5305998789
11161764,543018.5305998789
10715629,543018.5305998789
11148349,543018.5305998789
10777402,543018.5305998789
12048982,543018.5305998789
10873787,543018.5305998789
11110914,543018.5305998789
10764188,543018.5305998789
10850853,543018.5305998789
10895801,543018.5305998789
11036036,543018.5305998789
11623949,543018.5305998789
10803930,543018.5305998789
11466543,543018.5305998789
11749632,543018.5305998789
10934208,543018.5305998789
11036995,543018.5305998789
12111252,543018.5305998789
12490863,543018.5305998789
10859365,543018.5305998789
10852308,543018.5305998789
11657708,543018.5305998789
11064410,543018.5305998789
11105143,543018.5305998789
11648023,543018.5305998789
10757133,543018.5305998789
11160407,543018.5305998789
10796109,543018.5305998789
10833839,543018.5305998789
11659959,543018.5305998789
12526200,543018.5305998789
10887126,543018.5305998789
11468026,543018.5305998789
11020833,543018.5305998789
10761156,543018.5305998789
11055097,543018.5305998789
11607983,543018.5305998789
10926124,543018.5305998789
11068401,543018.5305998789
10991050,543018.5305998789
10964678,543018.5305998789
11616122,543018.5305998789
11752567,543018.5305998789
10859825,543018.5305998789
12112555,543018.5305998789
11973443,543018.5305998789
10721556,543018.5305998789
11970183,543018.5305998789
10761250,543018.5305998789
11618217,543018.5305998789
11590289,543018.5305998789
12071702,543018.5305998789
11997970,543018.5305998789
10839233,543018.5305998789
10915655,543018.5305998789
10735667,543018.5305998789
10860763,543018.5305998789
10856324,543018.5305998789
10803566,543018.5305998789
10867127,543018.5305998789
10915738,543018.5305998789
10718323,543018.5305998789
12438729,543018.5305998789
11973764,543018.5305998789
10738508,543018.5305998789
11049865,543018.5305998789
11889298,543018.5305998789
10777507,543018.5305998789
10775136,543018.5305998789
11046618,543018.5305998789
10768425,543018.5305998789
12036242,543018.5305998789
12864749,543018.5305998789
12639996,543018.5305998789
11610341,543018.5305998789
12540934,543018.5305998789
12996875,543018.5305998789
11523770,543018.5305998789
11645205,543018.5305998789
11013500,543018.5305998789
12501856,543018.5305998789
10757117,543018.5305998789
12029167,543018.5305998789
10867461,543018.5305998789
10814679,543018.5305998789
12493073,543018.5305998789
10722894,543018.5305998789
12462045,543018.5305998789
11892200,543018.5305998789
12091776,543018.5305998789
10817618,543018.5305998789
12522095,543018.5305998789
11871748,543018.5305998789
11098755,543018.5305998789
10910031,543018.5305998789
10771537,543018.5305998789
11017300,543018.5305998789
11074894,543018.5305998789
11099567,543018.5305998789
11467705,543018.5305998789
11070831,543018.5305998789
11939876,543018.5305998789
10799702,543018.5305998789
11071354,543018.5305998789
10767070,543018.5305998789
12525560,543018.5305998789
10982309,543018.5305998789
10903516,543018.5305998789
10898015,543018.5305998789
10735780,543018.5305998789
10841814,543018.5305998789
11669721,543018.5305998789
12469090,543018.5305998789
11120804,543018.5305998789
11168140,543018.5305998789
12121566,543018.5305998789
11550944,543018.5305998789
10764534,543018.5305998789
11779594,543018.5305998789
10849556,543018.5305998789
11538326,543018.5305998789
10745685,543018.5305998789
11343178,543018.5305998789
10862820,543018.5305998789
10866747,543018.5305998789
11046522,543018.5305998789
11552374,543018.5305998789
11981076,543018.5305998789
12460628,543018.5305998789
12564278,543018.5305998789
12532976,543018.5305998789
12058883,543018.5305998789
10866290,543018.5305998789
12219404,543018.5305998789
11154039,543018.5305998789
11888256,543018.5305998789
12016395,543018.5305998789
10802610,543018.5305998789
10895435,543018.5305998789
12549002,543018.5305998789
11040291,543018.5305998789
10930078,543018.5305998789
11466050,543018.5305998789
10897487,543018.5305998789
11096978,543018.5305998789
10815506,543018.5305998789
11168402,543018.5305998789
12522064,543018.5305998789
10820702,543018.5305998789
11071390,543018.5305998789
11162769,543018.5305998789
12066360,543018.5305998789
12042657,543018.5305998789
11045296,543018.5305998789
10892874,543018.5305998789
12044841,543018.5305998789
10719175,543018.5305998789
11618718,543018.5305998789
10862822,543018.5305998789
11014523,543018.5305998789
11643821,543018.5305998789
11690571,543018.5305998789
10744671,543018.5305998789
11968237,543018.5305998789
10786472,543018.5305998789
10854594,543018.5305998789
11094309,543018.5305998789
11166748,543018.5305998789
11180818,543018.5305998789
11657430,543018.5305998789
12202223,543018.5305998789
11063673,543018.5305998789
11022761,543018.5305998789
10910534,543018.5305998789
12077002,543018.5305998789
11946309,543018.5305998789
10858361,543018.5305998789
11169443,543018.5305998789
11106563,543018.5305998789
10867984,543018.5305998789
11167520,543018.5305998789
10733863,543018.5305998789
12076766,543018.5305998789
11019916,543018.5305998789
10815871,543018.5305998789
10911427,543018.5305998789
10715997,543018.5305998789
11119157,543018.5305998789
10899595,543018.5305998789
11618875,543018.5305998789
12447351,543018.5305998789
10723585,543018.5305998789
10802659,543018.5305998789
10815220,543018.5305998789
12516941,543018.5305998789
12898846,543018.5305998789
10771621,543018.5305998789
12538250,543018.5305998789
10773000,543018.5305998789
10911091,543018.5305998789
10741463,543018.5305998789
11172014,543018.5305998789
12085932,543018.5305998789
10877019,543018.5305998789
11886263,543018.5305998789
10716327,543018.5305998789
12656729,543018.5305998789
10793273,543018.5305998789
11157199,543018.5305998789
10792643,543018.5305998789
11538154,543018.5305998789
11015977,543018.5305998789
11707893,543018.5305998789
12122332,543018.5305998789
10772840,543018.5305998789
10753123,543018.5305998789
12526822,543018.5305998789
10908372,543018.5305998789
12511744,543018.5305998789
12197195,543018.5305998789
12553988,543018.5305998789
11998462,543018.5305998789
11994263,543018.5305998789
11046309,543018.5305998789
12060069,543018.5305998789
11096260,543018.5305998789
12057355,543018.5305998789
11941834,543018.5305998789
11100473,543018.5305998789
10851193,543018.5305998789
11155443,543018.5305998789
10767515,543018.5305998789
11345226,543018.5305998789
11002052,543018.5305998789
11166368,543018.5305998789
11983757,543018.5305998789
12048873,543018.5305998789
10989028,543018.5305998789
10806541,543018.5305998789
10787416,543018.5305998789
11077913,543018.5305998789
11607302,543018.5305998789
10919783,543018.5305998789
10786959,543018.5305998789
10904909,543018.5305998789
11343419,543018.5305998789
10894292,543018.5305998789
11523778,543018.5305998789
10877548,543018.5305998789
10815621,543018.5305998789
11078404,543018.5305998789
12437972,543018.5305998789
11004537,543018.5305998789
11104976,543018.5305998789
11108764,543018.5305998789
12518992,543018.5305998789
12198105,543018.5305998789
11080524,543018.5305998789
11526073,543018.5305998789
11087901,543018.5305998789
11650512,543018.5305998789
11452841,543018.5305998789
12035020,543018.5305998789
11791069,543018.5305998789
10799018,543018.5305998789
11087361,543018.5305998789
10860682,543018.5305998789
11538461,543018.5305998789
10817144,543018.5305998789
11154440,543018.5305998789
11654411,543018.5305998789
11013222,543018.5305998789
11889045,543018.5305998789
10837946,543018.5305998789
12101492,543018.5305998789
12076920,543018.5305998789
10759213,543018.5305998789
11167060,543018.5305998789
11051500,543018.5305998789
11531219,543018.5305998789
11988934,543018.5305998789
11149422,543018.5305998789
11031470,543018.5305998789
12629929,543018.5305998789
10882564,543018.5305998789
11056089,543018.5305998789
11872600,543018.5305998789
10915922,543018.5305998789
10983915,543018.5305998789
11104508,543018.5305998789
10864711,543018.5305998789
10866421,543018.5305998789
12114300,543018.5305998789
11345849,543018.5305998789
11993931,543018.5305998789
11084858,543018.5305998789
10785780,543018.5305998789
12016349,543018.5305998789
12212450,543018.5305998789
11181144,543018.5305998789
12493985,543018.5305998789
11886503,543018.5305998789
12517062,543018.5305998789
12866737,543018.5305998789
11055581,543018.5305998789
11034375,543018.5305998789
11059819,543018.5305998789
11052534,543018.5305998789
12005606,543018.5305998789
11587344,543018.5305998789
10853494,543018.5305998789
11744632,543018.5305998789
10845635,543018.5305998789
11087028,543018.5305998789
11761549,543018.5305998789
10745142,543018.5305998789
12094576,543018.5305998789
11120688,543018.5305998789
12672946,543018.5305998789
11524331,543018.5305998789
11059635,543018.5305998789
11596793,543018.5305998789
10767786,543018.5305998789
10930407,543018.5305998789
10723312,543018.5305998789
11596822,543018.5305998789
10744140,543018.5305998789
11046251,543018.5305998789
10817175,543018.5305998789
12516133,543018.5305998789
11137181,543018.5305998789
11948006,543018.5305998789
12510108,543018.5305998789
12046453,543018.5305998789
11658024,543018.5305998789
11101179,543018.5305998789
11779950,543018.5305998789
11155567,543018.5305998789
11615977,543018.5305998789
10965024,543018.5305998789
12079439,543018.5305998789
11564887,543018.5305998789
12091753,543018.5305998789
10814855,543018.5305998789
11633974,543018.5305998789
12102681,543018.5305998789
12865597,543018.5305998789
11181067,543018.5305998789
10784096,543018.5305998789
10822818,543018.5305998789
10892943,543018.5305998789
10784472,543018.5305998789
11118321,543018.5305998789
10712850,543018.5305998789
11115532,543018.5305998789
10869958,543018.5305998789
11137530,543018.5305998789
11996856,543018.5305998789
10989734,543018.5305998789
10880624,543018.5305998789
12111994,543018.5305998789
11781327,543018.5305998789
12052553,543018.5305998789
11770183,543018.5305998789
10731282,543018.5305998789
12698490,543018.5305998789
11658923,543018.5305998789
11153018,543018.5305998789
11154593,543018.5305998789
11971156,543018.5305998789
11057047,543018.5305998789
12554075,543018.5305998789
10825831,543018.5305998789
10809941,543018.5305998789
10770489,543018.5305998789
12509785,543018.5305998789
12100954,543018.5305998789
11622976,543018.5305998789
10769863,543018.5305998789
10828976,543018.5305998789
11962692,543018.5305998789
10715083,543018.5305998789
10860487,543018.5305998789
10916308,543018.5305998789
11072165,543018.5305998789
11653706,543018.5305998789
10764409,543018.5305998789
10721226,543018.5305998789
11007271,543018.5305998789
11641025,543018.5305998789
11889641,543018.5305998789
10774446,543018.5305998789
11137743,543018.5305998789
10838989,543018.5305998789
11067757,543018.5305998789
10989808,543018.5305998789
11542167,543018.5305998789
10987055,543018.5305998789
11154722,543018.5305998789
10870728,543018.5305998789
10725248,543018.5305998789
12464210,543018.5305998789
10816847,543018.5305998789
11956290,543018.5305998789
13840872,543018.5305998789
10797379,543018.5305998789
10774246,543018.5305998789
10908274,543018.5305998789
12025911,543018.5305998789
11615352,543018.5305998789
11462245,543018.5305998789
12048723,543018.5305998789
11871777,543018.5305998789
11563628,543018.5305998789
12101145,543018.5305998789
12074134,543018.5305998789
12467020,543018.5305998789
10715332,543018.5305998789
10773223,543018.5305998789
11951961,543018.5305998789
12106057,543018.5305998789
11162335,543018.5305998789
10916268,543018.5305998789
11151143,543018.5305998789
12523865,543018.5305998789
12036769,543018.5305998789
12517286,543018.5305998789
10915252,543018.5305998789
12454821,543018.5305998789
10729656,543018.5305998789
12052220,543018.5305998789
12669615,543018.5305998789
11784669,543018.5305998789
10767893,543018.5305998789
10869383,543018.5305998789
11143605,543018.5305998789
10801638,543018.5305998789
12046233,543018.5305998789
11664504,543018.5305998789
11527936,543018.5305998789
10998479,543018.5305998789
11624717,543018.5305998789
10794737,543018.5305998789
11106448,543018.5305998789
12101645,543018.5305998789
10816912,543018.5305998789
10902789,543018.5305998789
12543235,543018.5305998789
11129383,543018.5305998789
10898249,543018.5305998789
12554686,543018.5305998789
10870172,543018.5305998789
10905690,543018.5305998789
12624518,543018.5305998789
11065057,543018.5305998789
11473995,543018.5305998789
11761075,543018.5305998789
10852320,543018.5305998789
10848514,543018.5305998789
11072042,543018.5305998789
12498402,543018.5305998789
12458054,543018.5305998789
12690890,543018.5305998789
11955235,543018.5305998789
10736675,543018.5305998789
11558327,543018.5305998789
10730860,543018.5305998789
11579435,543018.5305998789
13877593,543018.5305998789
10804854,543018.5305998789
11941293,543018.5305998789
10891099,543018.5305998789
12058138,543018.5305998789
10767412,543018.5305998789
12523187,543018.5305998789
12073634,543018.5305998789
10818797,543018.5305998789
10823114,543018.5305998789
11526184,543018.5305998789
11173652,543018.5305998789
11666932,543018.5305998789
11068845,543018.5305998789
10728395,543018.5305998789
10857373,543018.5305998789
10774741,543018.5305998789
11158717,543018.5305998789
13053418,543018.5305998789
11467513,543018.5305998789
10730970,543018.5305998789
11048755,543018.5305998789
10732967,543018.5305998789
12073710,543018.5305998789
11019460,543018.5305998789
12031039,543018.5305998789
10723092,543018.5305998789
12699788,543018.5305998789
11671247,543018.5305998789
11993818,543018.5305998789
12043584,543018.5305998789
11069061,543018.5305998789
12684058,543018.5305998789
11653667,543018.5305998789
10922042,543018.5305998789
11122480,543018.5305998789
10790935,543018.5305998789
11063964,543018.5305998789
12082785,543018.5305998789
10805476,543018.5305998789
11600979,543018.5305998789
10806917,543018.5305998789
11082021,543018.5305998789
10855025,543018.5305998789
10730275,543018.5305998789
10963045,543018.5305998789
12491244,543018.5305998789
10712959,543018.5305998789
12509764,543018.5305998789
10724088,543018.5305998789
10734202,543018.5305998789
11645460,543018.5305998789
10767622,543018.5305998789
10728663,543018.5305998789
10777067,543018.5305998789
12641234,543018.5305998789
11120258,543018.5305998789
11549729,543018.5305998789
12034538,543018.5305998789
10735515,543018.5305998789
10867966,543018.5305998789
12449558,543018.5305998789
12669215,543018.5305998789
10932935,543018.5305998789
12870704,543018.5305998789
11076630,543018.5305998789
13924460,543018.5305998789
11168351,543018.5305998789
11758547,543018.5305998789
10764458,543018.5305998789
10909532,543018.5305998789
11047470,543018.5305998789
13046164,543018.5305998789
10968926,543018.5305998789
10773198,543018.5305998789
12059231,543018.5305998789
12047991,543018.5305998789
11086843,543018.5305998789
11692041,543018.5305998789
11078774,543018.5305998789
11534558,543018.5305998789
11668506,543018.5305998789
10763732,543018.5305998789
10718004,543018.5305998789
11875263,543018.5305998789
10781352,543018.5305998789
11060725,543018.5305998789
11983591,543018.5305998789
11889053,543018.5305998789
10827464,543018.5305998789
11044186,543018.5305998789
13836369,543018.5305998789
10868032,543018.5305998789
11162307,543018.5305998789
11105334,543018.5305998789
10778812,543018.5305998789
11672316,543018.5305998789
11609185,543018.5305998789
10831084,543018.5305998789
11138911,543018.5305998789
11067813,543018.5305998789
12489356,543018.5305998789
11072180,543018.5305998789
11570517,543018.5305998789
10842501,543018.5305998789
10797658,543018.5305998789
12494086,543018.5305998789
11616970,543018.5305998789
10857436,543018.5305998789
12897896,543018.5305998789
10726363,543018.5305998789
10730772,543018.5305998789
10866483,543018.5305998789
10768707,543018.5305998789
11647888,543018.5305998789
12222715,543018.5305998789
11141095,543018.5305998789
12096093,543018.5305998789
10817026,543018.5305998789
10865773,543018.5305998789
11611557,543018.5305998789
11075639,543018.5305998789
11526091,543018.5305998789
12492073,543018.5305998789
10934134,543018.5305998789
10995384,543018.5305998789
10801894,543018.5305998789
11947284,543018.5305998789
12522861,543018.5305998789
12112119,543018.5305998789
10781325,543018.5305998789
11523451,543018.5305998789
10909901,543018.5305998789
11990156,543018.5305998789
11069471,543018.5305998789
12766598,543018.5305998789
11889733,543018.5305998789
12072102,543018.5305998789
12059752,543018.5305998789
12090047,543018.5305998789
10930205,543018.5305998789
11887693,543018.5305998789
10778625,543018.5305998789
10910505,543018.5305998789
11065260,543018.5305998789
10906332,543018.5305998789
11085926,543018.5305998789
11603012,543018.5305998789
11887478,543018.5305998789
11005738,543018.5305998789
11056338,543018.5305998789
11044290,543018.5305998789
12093732,543018.5305998789
12870311,543018.5305998789
10734717,543018.5305998789
10795207,543018.5305998789
12668636,543018.5305998789
10869832,543018.5305998789
12032554,543018.5305998789
10814478,543018.5305998789
10907146,543018.5305998789
12045059,543018.5305998789
11567559,543018.5305998789
10856500,543018.5305998789
10990724,543018.5305998789
11084795,543018.5305998789
10792224,543018.5305998789
11130612,543018.5305998789
10764860,543018.5305998789
10868859,543018.5305998789
11068732,543018.5305998789
10917840,543018.5305998789
12061209,543018.5305998789
11818812,543018.5305998789
11143186,543018.5305998789
10791809,543018.5305998789
11112272,543018.5305998789
10970995,543018.5305998789
11651130,543018.5305998789
10758975,543018.5305998789
11793739,543018.5305998789
11670418,543018.5305998789
12086900,543018.5305998789
10743619,543018.5305998789
12210368,543018.5305998789
13838548,543018.5305998789
11649137,543018.5305998789
11790749,543018.5305998789
11071196,543018.5305998789
10840102,543018.5305998789
12614957,543018.5305998789
10800247,543018.5305998789
10733380,543018.5305998789
11146632,543018.5305998789
11082555,543018.5305998789
10912189,543018.5305998789
10769046,543018.5305998789
10721673,543018.5305998789
10863462,543018.5305998789
11046308,543018.5305998789
12026203,543018.5305998789
12865304,543018.5305998789
11157190,543018.5305998789
10765223,543018.5305998789
11086854,543018.5305998789
11052886,543018.5305998789
11054526,543018.5305998789
11977012,543018.5305998789
11095241,543018.5305998789
12504637,543018.5305998789
10803262,543018.5305998789
11607809,543018.5305998789
10800351,543018.5305998789
12607747,543018.5305998789
11154786,543018.5305998789
11168698,543018.5305998789
10802962,543018.5305998789
12683756,543018.5305998789
11067439,543018.5305998789
11148374,543018.5305998789
11101229,543018.5305998789
11068862,543018.5305998789
10791974,543018.5305998789
12038469,543018.5305998789
11080048,543018.5305998789
10736533,543018.5305998789
10777293,543018.5305998789
11063627,543018.5305998789
12652688,543018.5305998789
11096054,543018.5305998789
11087110,543018.5305998789
11109892,543018.5305998789
10711792,543018.5305998789
12899643,543018.5305998789
10765543,543018.5305998789
11879048,543018.5305998789
11557790,543018.5305998789
11064862,543018.5305998789
14311130,543018.5305998789
10964742,543018.5305998789
11079595,543018.5305998789
11584328,543018.5305998789
11452976,543018.5305998789
11793809,543018.5305998789
11070920,543018.5305998789
12014865,543018.5305998789
11072260,543018.5305998789
10799251,543018.5305998789
10852785,543018.5305998789
11466796,543018.5305998789
11025613,543018.5305998789
10850308,543018.5305998789
11080763,543018.5305998789
11589255,543018.5305998789
10989868,543018.5305998789
11085243,543018.5305998789
10857508,543018.5305998789
11153023,543018.5305998789
11091319,543018.5305998789
10866760,543018.5305998789
10866361,543018.5305998789
11981108,543018.5305998789
10800933,543018.5305998789
11617293,543018.5305998789
12624061,543018.5305998789
11526015,543018.5305998789
11658018,543018.5305998789
10775493,543018.5305998789
11692155,543018.5305998789
10893298,543018.5305998789
10721969,543018.5305998789
10793443,543018.5305998789
11623248,543018.5305998789
11092933,543018.5305998789
11610714,543018.5305998789
10787086,543018.5305998789
10901588,543018.5305998789
10870345,543018.5305998789
10869124,543018.5305998789
11166202,543018.5305998789
12528201,543018.5305998789
11037578,543018.5305998789
10767406,543018.5305998789
10718355,543018.5305998789
11137518,543018.5305998789
11065866,543018.5305998789
12030792,543018.5305998789
10729117,543018.5305998789
12045005,543018.5305998789
12438580,543018.5305998789
10722290,543018.5305998789
12020401,543018.5305998789
11977264,543018.5305998789
10780353,543018.5305998789
11015173,543018.5305998789
10873657,543018.5305998789
11102224,543018.5305998789
11659236,543018.5305998789
10753496,543018.5305998789
11071253,543018.5305998789
11889553,543018.5305998789
10871835,543018.5305998789
10897437,543018.5305998789
12434619,543018.5305998789
12045296,543018.5305998789
11161397,543018.5305998789
11122071,543018.5305998789
10872042,543018.5305998789
11598801,543018.5305998789
11011858,543018.5305998789
10791039,543018.5305998789
12643705,543018.5305998789
10802952,543018.5305998789
11077410,543018.5305998789
11570509,543018.5305998789
11112417,543018.5305998789
12034586,543018.5305998789
11066617,543018.5305998789
11015935,543018.5305998789
10989423,543018.5305998789
10982650,543018.5305998789
10726940,543018.5305998789
10890504,543018.5305998789
11344039,543018.5305998789
10894697,543018.5305998789
11450317,543018.5305998789
11976989,543018.5305998789
11603251,543018.5305998789
10798481,543018.5305998789
12112043,543018.5305998789
11149020,543018.5305998789
12079157,543018.5305998789
12464512,543018.5305998789
11069668,543018.5305998789
10879137,543018.5305998789
10905470,543018.5305998789
11166847,543018.5305998789
11141451,543018.5305998789
11168879,543018.5305998789
10813096,543018.5305998789
10723219,543018.5305998789
11108777,543018.5305998789
12047244,543018.5305998789
12643788,543018.5305998789
11753732,543018.5305998789
10871648,543018.5305998789
11170606,543018.5305998789
11574226,543018.5305998789
12217054,543018.5305998789
12512506,543018.5305998789
10867718,543018.5305998789
11066244,543018.5305998789
11641901,543018.5305998789
11647034,543018.5305998789
11144320,543018.5305998789
11129189,543018.5305998789
11077155,543018.5305998789
11544714,543018.5305998789
11692983,543018.5305998789
11540081,543018.5305998789
10916421,543018.5305998789
10784864,543018.5305998789
10885254,543018.5305998789
11087155,543018.5305998789
11978623,543018.5305998789
10765557,543018.5305998789
10964301,543018.5305998789
10861050,543018.5305998789
11006848,543018.5305998789
10815389,543018.5305998789
11015680,543018.5305998789
11667720,543018.5305998789
10811799,543018.5305998789
12107747,543018.5305998789
11049298,543018.5305998789
12457222,543018.5305998789
11938814,543018.5305998789
12047237,543018.5305998789
12539858,543018.5305998789
10810335,543018.5305998789
11812368,543018.5305998789
11817917,543018.5305998789
11015277,543018.5305998789
10832799,543018.5305998789
11445895,543018.5305998789
11119850,543018.5305998789
12043651,543018.5305998789
10808792,543018.5305998789
10809365,543018.5305998789
10902700,543018.5305998789
10863471,543018.5305998789
11160775,543018.5305998789
11517886,543018.5305998789
11985373,543018.5305998789
11611202,543018.5305998789
11612854,543018.5305998789
10919108,543018.5305998789
10862809,543018.5305998789
11010957,543018.5305998789
11664292,543018.5305998789
10957658,543018.5305998789
10761733,543018.5305998789
12078929,543018.5305998789
11118835,543018.5305998789
11169066,543018.5305998789
10885355,543018.5305998789
11053480,543018.5305998789
12013877,543018.5305998789
10922241,543018.5305998789
11432956,543018.5305998789
10992292,543018.5305998789
11119171,543018.5305998789
11108344,543018.5305998789
10775325,543018.5305998789
10753747,543018.5305998789
10883501,543018.5305998789
11150584,543018.5305998789
12094211,543018.5305998789
10964157,543018.5305998789
10853993,543018.5305998789
12439217,543018.5305998789
10757758,543018.5305998789
11892088,543018.5305998789
11112873,543018.5305998789
12079586,543018.5305998789
11583281,543018.5305998789
11010176,543018.5305998789
11089958,543018.5305998789
11139577,543018.5305998789
10862728,543018.5305998789
11129720,543018.5305998789
11692734,543018.5305998789
11082212,543018.5305998789
10766567,543018.5305998789
10892107,543018.5305998789
10990001,543018.5305998789
11014044,543018.5305998789
10831637,543018.5305998789
11469941,543018.5305998789
12612013,543018.5305998789
10865018,543018.5305998789
11044613,543018.5305998789
10773372,543018.5305998789
11108466,543018.5305998789
11115100,543018.5305998789
12514966,543018.5305998789
12083246,543018.5305998789
10861678,543018.5305998789
12012422,543018.5305998789
10831601,543018.5305998789
12514596,543018.5305998789
10732775,543018.5305998789
11146906,543018.5305998789
11661168,543018.5305998789
12511066,543018.5305998789
11342020,543018.5305998789
12518352,543018.5305998789
11086589,543018.5305998789
10792145,543018.5305998789
11009888,543018.5305998789
10808805,543018.5305998789
12766336,543018.5305998789
11749106,543018.5305998789
10793529,543018.5305998789
10736570,543018.5305998789
11034222,543018.5305998789
11046871,543018.5305998789
10797134,543018.5305998789
10864372,543018.5305998789
10720675,543018.5305998789
11181611,543018.5305998789
12464255,543018.5305998789
10753534,543018.5305998789
12994400,543018.5305998789
11128495,543018.5305998789
11161481,543018.5305998789
10778015,543018.5305998789
12489755,543018.5305998789
10970575,543018.5305998789
12865004,543018.5305998789
11054945,543018.5305998789
10803085,543018.5305998789
10735756,543018.5305998789
10867227,543018.5305998789
10813352,543018.5305998789
11089538,543018.5305998789
10893193,543018.5305998789
12057584,543018.5305998789
12119900,543018.5305998789
10925527,543018.5305998789
11945389,543018.5305998789
11082675,543018.5305998789
11646841,543018.5305998789
12463246,543018.5305998789
10785973,543018.5305998789
11690781,543018.5305998789
11987875,543018.5305998789
11147058,543018.5305998789
10874098,543018.5305998789
10772545,543018.5305998789
11993937,543018.5305998789
11640842,543018.5305998789
11094018,543018.5305998789
12111693,543018.5305998789
10991692,543018.5305998789
11562721,543018.5305998789
10806613,543018.5305998789
10785997,543018.5305998789
10797553,543018.5305998789
11620947,543018.5305998789
12026269,543018.5305998789
11463266,543018.5305998789
10803327,543018.5305998789
10967510,543018.5305998789
11344051,543018.5305998789
11887648,543018.5305998789
13055056,543018.5305998789
10908367,543018.5305998789
10730395,543018.5305998789
12473624,543018.5305998789
10793608,543018.5305998789
11128824,543018.5305998789
11889859,543018.5305998789
12045092,543018.5305998789
10758844,543018.5305998789
12523263,543018.5305998789
11451357,543018.5305998789
10904357,543018.5305998789
10782643,543018.5305998789
11145895,543018.5305998789
10768188,543018.5305998789
11631401,543018.5305998789
10804905,543018.5305998789
13046872,543018.5305998789
11155839,543018.5305998789
11983199,543018.5305998789
11152939,543018.5305998789
12053161,543018.5305998789
10726403,543018.5305998789
10784109,543018.5305998789
10741127,543018.5305998789
11644373,543018.5305998789
11036572,543018.5305998789
11088561,543018.5305998789
10760024,543018.5305998789
11093070,543018.5305998789
11660149,543018.5305998789
11043496,543018.5305998789
11474615,543018.5305998789
11463097,543018.5305998789
10911706,543018.5305998789
12117812,543018.5305998789
12552913,543018.5305998789
11000323,543018.5305998789
10853039,543018.5305998789
10772426,543018.5305998789
10847395,543018.5305998789
11667362,543018.5305998789
11150723,543018.5305998789
12075854,543018.5305998789
10896110,543018.5305998789
10846710,543018.5305998789
10735535,543018.5305998789
11163751,543018.5305998789
12112529,543018.5305998789
10866583,543018.5305998789
10757699,543018.5305998789
12602616,543018.5305998789
10732424,543018.5305998789
12560630,543018.5305998789
11060871,543018.5305998789
10797474,543018.5305998789
10853761,543018.5305998789
12204063,543018.5305998789
11791068,543018.5305998789
10909324,543018.5305998789
10911753,543018.5305998789
11042330,543018.5305998789
10867532,543018.5305998789
11663958,543018.5305998789
11603501,543018.5305998789
12087146,543018.5305998789
11101537,543018.5305998789
12606293,543018.5305998789
10783284,543018.5305998789
11106009,543018.5305998789
11037028,543018.5305998789
11873671,543018.5305998789
12110129,543018.5305998789
11790645,543018.5305998789
10783679,543018.5305998789
10959209,543018.5305998789
11096686,543018.5305998789
10758266,543018.5305998789
11983176,543018.5305998789
11179943,543018.5305998789
12239478,543018.5305998789
12121499,543018.5305998789
11122092,543018.5305998789
12117463,543018.5305998789
11076396,543018.5305998789
11450918,543018.5305998789
10823752,543018.5305998789
11092286,543018.5305998789
12631379,543018.5305998789
10861396,543018.5305998789
10720818,543018.5305998789
11087232,543018.5305998789
12087438,543018.5305998789
11068695,543018.5305998789
10735184,543018.5305998789
11474165,543018.5305998789
12624590,543018.5305998789
11526513,543018.5305998789
11343292,543018.5305998789
11129234,543018.5305998789
10783591,543018.5305998789
11017146,543018.5305998789
10819604,543018.5305998789
11614314,543018.5305998789
11623929,543018.5305998789
10795916,543018.5305998789
10860728,543018.5305998789
10825345,543018.5305998789
12034355,543018.5305998789
12440445,543018.5305998789
12984023,543018.5305998789
11068378,543018.5305998789
11342743,543018.5305998789
11598080,543018.5305998789
11607547,543018.5305998789
13973673,543018.5305998789
11561310,543018.5305998789
11913904,543018.5305998789
10882466,543018.5305998789
11659696,543018.5305998789
10772036,543018.5305998789
11051819,543018.5305998789
11568878,543018.5305998789
12045622,543018.5305998789
11082604,543018.5305998789
12083178,543018.5305998789
12127599,543018.5305998789
10777941,543018.5305998789
12521424,543018.5305998789
11085064,543018.5305998789
12072043,543018.5305998789
10777579,543018.5305998789
10805783,543018.5305998789
11872582,543018.5305998789
10785136,543018.5305998789
11038978,543018.5305998789
11886376,543018.5305998789
12190502,543018.5305998789
11888472,543018.5305998789
10902683,543018.5305998789
10815187,543018.5305998789
11102962,543018.5305998789
11946194,543018.5305998789
11051322,543018.5305998789
12523442,543018.5305998789
12435134,543018.5305998789
10886589,543018.5305998789
11651763,543018.5305998789
11170533,543018.5305998789
10962187,543018.5305998789
11112772,543018.5305998789
10852147,543018.5305998789
10973034,543018.5305998789
11140687,543018.5305998789
10792180,543018.5305998789
11142255,543018.5305998789
10803145,543018.5305998789
11150934,543018.5305998789
10856332,543018.5305998789
11168355,543018.5305998789
10743669,543018.5305998789
12034402,543018.5305998789
12603236,543018.5305998789
11616270,543018.5305998789
10812591,543018.5305998789
10900693,543018.5305998789
11099275,543018.5305998789
11987311,543018.5305998789
10919176,543018.5305998789
11345029,543018.5305998789
11692538,543018.5305998789
11073761,543018.5305998789
10893706,543018.5305998789
13053520,543018.5305998789
11151487,543018.5305998789
10757250,543018.5305998789
12061711,543018.5305998789
10853812,543018.5305998789
10712715,543018.5305998789
12099588,543018.5305998789
11076013,543018.5305998789
11475593,543018.5305998789
10815768,543018.5305998789
10730260,543018.5305998789
11173523,543018.5305998789
11155302,543018.5305998789
10869712,543018.5305998789
10718866,543018.5305998789
13845879,543018.5305998789
10905246,543018.5305998789
11556545,543018.5305998789
10762000,543018.5305998789
11041114,543018.5305998789
11633481,543018.5305998789
10771685,543018.5305998789
10774057,543018.5305998789
12110181,543018.5305998789
10857519,543018.5305998789
11142211,543018.5305998789
10858045,543018.5305998789
11655224,543018.5305998789
11110641,543018.5305998789
10986665,543018.5305998789
11041632,543018.5305998789
12767373,543018.5305998789
12042685,543018.5305998789
11149748,543018.5305998789
11641652,543018.5305998789
12075819,543018.5305998789
12533802,543018.5305998789
12495284,543018.5305998789
11039715,543018.5305998789
12022520,543018.5305998789
11650591,543018.5305998789
11129512,543018.5305998789
10830422,543018.5305998789
11603937,543018.5305998789
10766414,543018.5305998789
12519505,543018.5305998789
10862381,543018.5305998789
11155485,543018.5305998789
12071022,543018.5305998789
12639959,543018.5305998789
10741113,543018.5305998789
10716212,543018.5305998789
10774409,543018.5305998789
10963784,543018.5305998789
11620610,543018.5305998789
11013857,543018.5305998789
12041290,543018.5305998789
10915807,543018.5305998789
11655555,543018.5305998789
12510618,543018.5305998789
10809352,543018.5305998789
11671362,543018.5305998789
11149771,543018.5305998789
11064539,543018.5305998789
10850074,543018.5305998789
11096318,543018.5305998789
10815474,543018.5305998789
11758222,543018.5305998789
10777248,543018.5305998789
11061400,543018.5305998789
11953157,543018.5305998789
12610787,543018.5305998789
11996271,543018.5305998789
11650067,543018.5305998789
11180351,543018.5305998789
12454044,543018.5305998789
11046365,543018.5305998789
11391418,543018.5305998789
12049039,543018.5305998789
10813196,543018.5305998789
10819705,543018.5305998789
11017458,543018.5305998789
12040556,543018.5305998789
12460831,543018.5305998789
11087683,543018.5305998789
10804257,543018.5305998789
12079304,543018.5305998789
10930922,543018.5305998789
12110505,543018.5305998789
12072116,543018.5305998789
11110667,543018.5305998789
12215252,543018.5305998789
12058669,543018.5305998789
10759278,543018.5305998789
12490143,543018.5305998789
10769297,543018.5305998789
11560910,543018.5305998789
10789458,543018.5305998789
10812186,543018.5305998789
10804158,543018.5305998789
11119156,543018.5305998789
10806117,543018.5305998789
11819674,543018.5305998789
12048763,543018.5305998789
10826253,543018.5305998789
10774649,543018.5305998789
10892600,543018.5305998789
11109278,543018.5305998789
11145574,543018.5305998789
11465246,543018.5305998789
10981981,543018.5305998789
11045352,543018.5305998789
11656616,543018.5305998789
10872743,543018.5305998789
10728195,543018.5305998789
12039937,543018.5305998789
11536174,543018.5305998789
10993165,543018.5305998789
10793295,543018.5305998789
11871925,543018.5305998789
11631214,543018.5305998789
12436124,543018.5305998789
10846170,543018.5305998789
12697879,543018.5305998789
12866051,543018.5305998789
11090816,543018.5305998789
11464921,543018.5305998789
10869997,543018.5305998789
12066144,543018.5305998789
11968446,543018.5305998789
13048255,543018.5305998789
12086862,543018.5305998789
12670224,543018.5305998789
12116197,543018.5305998789
11046237,543018.5305998789
12054737,543018.5305998789
10815088,543018.5305998789
10852227,543018.5305998789
12065147,543018.5305998789
10722988,543018.5305998789
10870128,543018.5305998789
11446413,543018.5305998789
11162824,543018.5305998789
12641850,543018.5305998789
11078080,543018.5305998789
11106326,543018.5305998789
12093354,543018.5305998789
12542315,543018.5305998789
12630720,543018.5305998789
10790893,543018.5305998789
12071453,543018.5305998789
11948385,543018.5305998789
11875558,543018.5305998789
10774427,543018.5305998789
10815611,543018.5305998789
11879154,543018.5305998789
11671799,543018.5305998789
12034612,543018.5305998789
10992398,543018.5305998789
11660333,543018.5305998789
10869405,543018.5305998789
11119511,543018.5305998789
11146795,543018.5305998789
10767558,543018.5305998789
12067354,543018.5305998789
10888074,543018.5305998789
12628066,543018.5305998789
10756764,543018.5305998789
12510317,543018.5305998789
11688836,543018.5305998789
10869811,543018.5305998789
11072247,543018.5305998789
11056377,543018.5305998789
10800565,543018.5305998789
11570040,543018.5305998789
10729960,543018.5305998789
10873721,543018.5305998789
11103135,543018.5305998789
11097082,543018.5305998789
11068569,543018.5305998789
11667020,543018.5305998789
10762208,543018.5305998789
10869350,543018.5305998789
11022074,543018.5305998789
11981618,543018.5305998789
12602867,543018.5305998789
11171338,543018.5305998789
10850707,543018.5305998789
11102246,543018.5305998789
10736777,543018.5305998789
10765623,543018.5305998789
10906389,543018.5305998789
10826832,543018.5305998789
10721389,543018.5305998789
12523788,543018.5305998789
11110717,543018.5305998789
11016004,543018.5305998789
10901607,543018.5305998789
10810308,543018.5305998789
12514388,543018.5305998789
11137583,543018.5305998789
10779382,543018.5305998789
11028413,543018.5305998789
10883406,543018.5305998789
10962273,543018.5305998789
12608248,543018.5305998789
10882743,543018.5305998789
10867659,543018.5305998789
10774884,543018.5305998789
12066852,543018.5305998789
11068881,543018.5305998789
11068679,543018.5305998789
12684052,543018.5305998789
12079317,543018.5305998789
12055967,543018.5305998789
10741478,543018.5305998789
11871552,543018.5305998789
11569340,543018.5305998789
11641926,543018.5305998789
12765676,543018.5305998789
12525547,543018.5305998789
11141238,543018.5305998789
11871540,543018.5305998789
10897594,543018.5305998789
11082073,543018.5305998789
11944397,543018.5305998789
10771650,543018.5305998789
10861663,543018.5305998789
11112265,543018.5305998789
10765705,543018.5305998789
10990978,543018.5305998789
11975569,543018.5305998789
11095825,543018.5305998789
11161730,543018.5305998789
10801111,543018.5305998789
11648459,543018.5305998789
10718002,543018.5305998789
12093964,543018.5305998789
11159669,543018.5305998789
11158897,543018.5305998789
12026454,543018.5305998789
12549077,543018.5305998789
10885153,543018.5305998789
10797530,543018.5305998789
11096342,543018.5305998789
10733401,543018.5305998789
11037056,543018.5305998789
11008892,543018.5305998789
10733535,543018.5305998789
12530320,543018.5305998789
12522474,543018.5305998789
12533913,543018.5305998789
11013794,543018.5305998789
10896533,543018.5305998789
10873813,543018.5305998789
11598252,543018.5305998789
11787647,543018.5305998789
10772522,543018.5305998789
11644269,543018.5305998789
11662708,543018.5305998789
11653721,543018.5305998789
11756688,543018.5305998789
11041456,543018.5305998789
10799641,543018.5305998789
11731870,543018.5305998789
12642259,543018.5305998789
11180035,543018.5305998789
12641994,543018.5305998789
11982398,543018.5305998789
11603179,543018.5305998789
14248117,543018.5305998789
10745402,543018.5305998789
11669842,543018.5305998789
10829775,543018.5305998789
14309137,543018.5305998789
11692019,543018.5305998789
10756957,543018.5305998789
11343391,543018.5305998789
11168468,543018.5305998789
11060142,543018.5305998789
11648215,543018.5305998789
12024393,543018.5305998789
11169212,543018.5305998789
10984324,543018.5305998789
11528949,543018.5305998789
12463719,543018.5305998789
10799656,543018.5305998789
11052942,543018.5305998789
10845150,543018.5305998789
12041648,543018.5305998789
11154022,543018.5305998789
12022689,543018.5305998789
11889108,543018.5305998789
12518879,543018.5305998789
11162111,543018.5305998789
11654901,543018.5305998789
11062624,543018.5305998789
11057317,543018.5305998789
11166923,543018.5305998789
11602765,543018.5305998789
11619769,543018.5305998789
12530891,543018.5305998789
10907457,543018.5305998789
12523454,543018.5305998789
11128668,543018.5305998789
12521254,543018.5305998789
12865420,543018.5305998789
12102849,543018.5305998789
12071890,543018.5305998789
11155041,543018.5305998789
11075579,543018.5305998789
11619552,543018.5305998789
12076705,543018.5305998789
10811977,543018.5305998789
11462490,543018.5305998789
11610627,543018.5305998789
12054054,543018.5305998789
13838061,543018.5305998789
10927148,543018.5305998789
12048954,543018.5305998789
12103483,543018.5305998789
12467694,543018.5305998789
12865134,543018.5305998789
10981433,543018.5305998789
10796208,543018.5305998789
12117769,543018.5305998789
10967549,543018.5305998789
11539397,543018.5305998789
10867366,543018.5305998789
10767183,543018.5305998789
11892827,543018.5305998789
11015827,543018.5305998789
10858994,543018.5305998789
10865580,543018.5305998789
11640652,543018.5305998789
11151335,543018.5305998789
12642258,543018.5305998789
11153040,543018.5305998789
11149516,543018.5305998789
11779699,543018.5305998789
10729948,543018.5305998789
12063251,543018.5305998789
11010175,543018.5305998789
12679738,543018.5305998789
10786098,543018.5305998789
11152788,543018.5305998789
12700583,543018.5305998789
11146899,543018.5305998789
12076246,543018.5305998789
11067752,543018.5305998789
13052774,543018.5305998789
12080388,543018.5305998789
10919775,543018.5305998789
12070852,543018.5305998789
10808170,543018.5305998789
11666815,543018.5305998789
11065543,543018.5305998789
10797947,543018.5305998789
10860078,543018.5305998789
11058052,543018.5305998789
10772018,543018.5305998789
13838759,543018.5305998789
12009977,543018.5305998789
13055251,543018.5305998789
11099085,543018.5305998789
12523440,543018.5305998789
11756500,543018.5305998789
11079663,543018.5305998789
11102303,543018.5305998789
11036960,543018.5305998789
11059628,543018.5305998789
11128637,543018.5305998789
10798866,543018.5305998789
12099964,543018.5305998789
11087389,543018.5305998789
12560019,543018.5305998789
10765175,543018.5305998789
10930058,543018.5305998789
12547871,543018.5305998789
10916064,543018.5305998789
11074301,543018.5305998789
10888400,543018.5305998789
10715984,543018.5305998789
10776174,543018.5305998789
10870737,543018.5305998789
11042071,543018.5305998789
10763477,543018.5305998789
11151317,543018.5305998789
10810229,543018.5305998789
11761506,543018.5305998789
10765566,543018.5305998789
10847359,543018.5305998789
11077603,543018.5305998789
11114612,543018.5305998789
12638824,543018.5305998789
12434875,543018.5305998789
10839575,543018.5305998789
11005922,543018.5305998789
11875744,543018.5305998789
11161158,543018.5305998789
11618427,543018.5305998789
12899773,543018.5305998789
11984159,543018.5305998789
11459029,543018.5305998789
10809508,543018.5305998789
11609417,543018.5305998789
10905325,543018.5305998789
10861084,543018.5305998789
10830731,543018.5305998789
10887721,543018.5305998789
10892420,543018.5305998789
10848760,543018.5305998789
12040935,543018.5305998789
12052134,543018.5305998789
11074457,543018.5305998789
12075818,543018.5305998789
11660607,543018.5305998789
10835172,543018.5305998789
12540937,543018.5305998789
11137719,543018.5305998789
11669985,543018.5305998789
11106732,543018.5305998789
10853036,543018.5305998789
10929945,543018.5305998789
11161940,543018.5305998789
11966211,543018.5305998789
12127311,543018.5305998789
10895055,543018.5305998789
11163694,543018.5305998789
11890955,543018.5305998789
10831506,543018.5305998789
10852232,543018.5305998789
10727483,543018.5305998789
11620594,543018.5305998789
10969593,543018.5305998789
10960010,543018.5305998789
12448446,543018.5305998789
10816883,543018.5305998789
12460391,543018.5305998789
13050107,543018.5305998789
12067295,543018.5305998789
12095158,543018.5305998789
11078818,543018.5305998789
10970887,543018.5305998789
12099258,543018.5305998789
11345415,543018.5305998789
10735205,543018.5305998789
10743876,543018.5305998789
12440747,543018.5305998789
11078899,543018.5305998789
12072295,543018.5305998789
10978613,543018.5305998789
10990448,543018.5305998789
12072172,543018.5305998789
12124437,543018.5305998789
11053699,543018.5305998789
11145132,543018.5305998789
12254768,543018.5305998789
11119455,543018.5305998789
12638700,543018.5305998789
10963788,543018.5305998789
11756094,543018.5305998789
11169943,543018.5305998789
10834938,543018.5305998789
11871219,543018.5305998789
11342308,543018.5305998789
11106470,543018.5305998789
11110390,543018.5305998789
10735203,543018.5305998789
11697297,543018.5305998789
10800628,543018.5305998789
11649066,543018.5305998789
11658353,543018.5305998789
10721533,543018.5305998789
11653752,543018.5305998789
10722995,543018.5305998789
10790157,543018.5305998789
11993795,543018.5305998789
11110701,543018.5305998789
10910894,543018.5305998789
12093716,543018.5305998789
11042248,543018.5305998789
12074536,543018.5305998789
10896729,543018.5305998789
11120633,543018.5305998789
12122172,543018.5305998789
11447521,543018.5305998789
12109755,543018.5305998789
12053872,543018.5305998789
11039011,543018.5305998789
10806592,543018.5305998789
11641417,543018.5305998789
11096756,543018.5305998789
10729407,543018.5305998789
12461797,543018.5305998789
10962864,543018.5305998789
12053635,543018.5305998789
11543392,543018.5305998789
11870612,543018.5305998789
11150908,543018.5305998789
11669404,543018.5305998789
10927024,543018.5305998789
11139292,543018.5305998789
10906101,543018.5305998789
11056839,543018.5305998789
10757161,543018.5305998789
10792537,543018.5305998789
10794964,543018.5305998789
11014650,543018.5305998789
11009857,543018.5305998789
12126373,543018.5305998789
10797893,543018.5305998789
11058536,543018.5305998789
11078792,543018.5305998789
11886887,543018.5305998789
12013734,543018.5305998789
12119254,543018.5305998789
10728872,543018.5305998789
12546601,543018.5305998789
10718872,543018.5305998789
11787596,543018.5305998789
10921797,543018.5305998789
11170405,543018.5305998789
10733361,543018.5305998789
11653134,543018.5305998789
10990452,543018.5305998789
12114161,543018.5305998789
10909958,543018.5305998789
11658514,543018.5305998789
11094753,543018.5305998789
11872117,543018.5305998789
12035356,543018.5305998789
11051618,543018.5305998789
11587692,543018.5305998789
11004872,543018.5305998789
10806484,543018.5305998789
11647528,543018.5305998789
12527855,543018.5305998789
10766380,543018.5305998789
11016514,543018.5305998789
11672334,543018.5305998789
11540338,543018.5305998789
10732478,543018.5305998789
11181157,543018.5305998789
10803985,543018.5305998789
11165249,543018.5305998789
11154443,543018.5305998789
10920698,543018.5305998789
11101079,543018.5305998789
12110542,543018.5305998789
11524669,543018.5305998789
10887139,543018.5305998789
11046448,543018.5305998789
10714290,543018.5305998789
11091492,543018.5305998789
11952227,543018.5305998789
11042090,543018.5305998789
10970478,543018.5305998789
11076462,543018.5305998789
11099239,543018.5305998789
10811934,543018.5305998789
10994106,543018.5305998789
12540281,543018.5305998789
12111828,543018.5305998789
11654079,543018.5305998789
11645438,543018.5305998789
13837967,543018.5305998789
12113507,543018.5305998789
10793700,543018.5305998789
10805166,543018.5305998789
10779165,543018.5305998789
11944153,543018.5305998789
11073047,543018.5305998789
12700139,543018.5305998789
12865680,543018.5305998789
11672478,543018.5305998789
11029110,543018.5305998789
10805319,543018.5305998789
10831387,543018.5305998789
11059692,543018.5305998789
10982087,543018.5305998789
11113467,543018.5305998789
11109198,543018.5305998789
11702188,543018.5305998789
11169817,543018.5305998789
10810354,543018.5305998789
11652249,543018.5305998789
12523818,543018.5305998789
11012989,543018.5305998789
11010745,543018.5305998789
11181487,543018.5305998789
11814285,543018.5305998789
11010174,543018.5305998789
11169930,543018.5305998789
11521704,543018.5305998789
11087328,543018.5305998789
11458185,543018.5305998789
10848832,543018.5305998789
11060332,543018.5305998789
10759679,543018.5305998789
12544397,543018.5305998789
11118477,543018.5305998789
10790898,543018.5305998789
11163923,543018.5305998789
13985818,543018.5305998789
11343031,543018.5305998789
11149419,543018.5305998789
11049966,543018.5305998789
10903267,543018.5305998789
12560628,543018.5305998789
10999733,543018.5305998789
10794281,543018.5305998789
10774951,543018.5305998789
11568906,543018.5305998789
11667933,543018.5305998789
10981241,543018.5305998789
10767527,543018.5305998789
10772250,543018.5305998789
11119224,543018.5305998789
11953962,543018.5305998789
10808213,543018.5305998789
12037518,543018.5305998789
11080564,543018.5305998789
10852297,543018.5305998789
12113283,543018.5305998789
12039002,543018.5305998789
10742043,543018.5305998789
12698876,543018.5305998789
11543707,543018.5305998789
12014205,543018.5305998789
12066227,543018.5305998789
10712267,543018.5305998789
12034456,543018.5305998789
10725592,543018.5305998789
10759010,543018.5305998789
11757281,543018.5305998789
12078547,543018.5305998789
10916908,543018.5305998789
10990163,543018.5305998789
10871008,543018.5305998789
12110419,543018.5305998789
11068525,543018.5305998789
11654526,543018.5305998789
10766000,543018.5305998789
10733627,543018.5305998789
11672473,543018.5305998789
12656936,543018.5305998789
10863104,543018.5305998789
11079582,543018.5305998789
11164008,543018.5305998789
11083961,543018.5305998789
11083107,543018.5305998789
11080168,543018.5305998789
10772961,543018.5305998789
11159655,543018.5305998789
12027072,543018.5305998789
10918504,543018.5305998789
11181337,543018.5305998789
11871266,543018.5305998789
12548039,543018.5305998789
10990771,543018.5305998789
10806735,543018.5305998789
10827209,543018.5305998789
10905844,543018.5305998789
10904337,543018.5305998789
11670077,543018.5305998789
10859863,543018.5305998789
11779684,543018.5305998789
10815544,543018.5305998789
11449180,543018.5305998789
12028075,543018.5305998789
10837422,543018.5305998789
11668663,543018.5305998789
11145159,543018.5305998789
11061893,543018.5305998789
11063018,543018.5305998789
10717609,543018.5305998789
11042064,543018.5305998789
12099951,543018.5305998789
11951960,543018.5305998789
10877052,543018.5305998789
10991930,543018.5305998789
11103888,543018.5305998789
11614730,543018.5305998789
10910905,543018.5305998789
10729267,543018.5305998789
